{
    "results": {
        "tool": {
            "name": "pytest",
            "version": "8.4.1"
        },
        "summary": {
            "tests": 2,
            "passed": 2,
            "failed": 0,
            "skipped": 0,
            "pending": 0,
            "other": 0,
            "start": 1773514687.9595132,
            "stop": 1773514688.0016165
        },
        "tests": [
            {
                "name": "test_outputs.py::test_result_exists",
                "status": "passed",
                "duration": 0.0004993749316781759,
                "start": 1773514687.9994376,
                "stop": 1773514688.0005002,
                "retries": 0,
                "file_path": "test_outputs.py"
            },
            {
                "name": "test_outputs.py::test_data_matches",
                "status": "passed",
                "duration": 0.00032974989153444767,
                "start": 1773514688.0006611,
                "stop": 1773514688.0011826,
                "retries": 0,
                "file_path": "test_outputs.py"
            }
        ]
    }
}