{
    "results": {
        "tool": {
            "name": "pytest",
            "version": "8.4.1"
        },
        "summary": {
            "tests": 1,
            "passed": 1,
            "failed": 0,
            "skipped": 0,
            "pending": 0,
            "other": 0,
            "start": 1773531691.8388577,
            "stop": 1773531691.893262
        },
        "tests": [
            {
                "name": "test_outputs.py::test_json_data",
                "status": "passed",
                "duration": 0.0015229569980874658,
                "start": 1773531691.8909676,
                "stop": 1773531691.8927734,
                "retries": 0,
                "file_path": "test_outputs.py"
            }
        ]
    }
}