{
    "results": {
        "tool": {
            "name": "pytest",
            "version": "8.4.1"
        },
        "summary": {
            "tests": 2,
            "passed": 2,
            "failed": 0,
            "skipped": 0,
            "pending": 0,
            "other": 0,
            "start": 1773517901.2239997,
            "stop": 1773517901.268894
        },
        "tests": [
            {
                "name": "test_outputs.py::test_output_file_exists",
                "status": "passed",
                "duration": 0.0004481241339817643,
                "start": 1773517901.2672117,
                "stop": 1773517901.2680104,
                "retries": 0,
                "file_path": "test_outputs.py"
            },
            {
                "name": "test_outputs.py::test_output_is_correct",
                "status": "passed",
                "duration": 0.0002850819146260619,
                "start": 1773517901.2681541,
                "stop": 1773517901.2685847,
                "retries": 0,
                "file_path": "test_outputs.py"
            }
        ]
    }
}