{
    "results": {
        "tool": {
            "name": "pytest",
            "version": "8.4.1"
        },
        "summary": {
            "tests": 1,
            "passed": 1,
            "failed": 0,
            "skipped": 0,
            "pending": 0,
            "other": 0,
            "start": 1773524518.9121296,
            "stop": 1773524518.9520776
        },
        "tests": [
            {
                "name": "test_outputs.py::test_tests_output",
                "status": "passed",
                "duration": 0.0004918350605294108,
                "start": 1773524518.9506524,
                "stop": 1773524518.9515047,
                "retries": 0,
                "file_path": "test_outputs.py"
            }
        ]
    }
}