{
    "results": {
        "tool": {
            "name": "pytest",
            "version": "8.4.1"
        },
        "summary": {
            "tests": 1,
            "passed": 1,
            "failed": 0,
            "skipped": 0,
            "pending": 0,
            "other": 0,
            "start": 1773517823.8840282,
            "stop": 1773517823.9398417
        },
        "tests": [
            {
                "name": "test_outputs.py::test_gblock",
                "status": "passed",
                "duration": 0.0013158329529687762,
                "start": 1773517823.9377763,
                "stop": 1773517823.9393446,
                "retries": 0,
                "file_path": "test_outputs.py"
            }
        ]
    }
}